Redirect from,Redirect to
https://cater-connect.co.uk/products/blizzard-commercial-microwave-1000w?pr_prod_strat=e5_desc&pr_rec_id=b6ecb5a96&pr_rec_pid=4660779712586&pr_ref_pid=6539849531466&pr_seq=uniform,https://cater-connect.co.uk/products/blizzard-bcm1800-commercial-microwave-1800w
https://cater-connect.co.uk/products/blizzard-commercial-microwave-1000w?pr_prod_strat=e5_desc&pr_rec_id=3f542a1c0&pr_rec_pid=4660779712586&pr_ref_pid=6539849531466&pr_seq=uniform,https://cater-connect.co.uk/products/blizzard-bcm1800-commercial-microwave-1800w
https://cater-connect.co.uk/products/blizzard-commercial-microwave-1000w?pr_prod_strat=e5_desc&pr_rec_id=eb2da0160&pr_rec_pid=4660779712586&pr_ref_pid=6539849531466&pr_seq=uniform,https://cater-connect.co.uk/products/blizzard-bcm1800-commercial-microwave-1800w
https://cater-connect.co.uk/collections/dining/products/rex-dining-chair-mouse-velvet-2pk-w460-x-d590-x-h910mm,https://cater-connect.co.uk/products/rubbermaid-sturdy-stacking-high-chair-platinum-seat-height-530mm
https://cater-connect.co.uk/collections/commercial-pass-through-dishwasher/products/classeq-p500ad-12-pass-through-dishwasher-with-drain-pump-chemical-pumps,https://cater-connect.co.uk/products/classeq-cp500sr-passthrough-dishwasher-with-drain-pump-steam-recovery
https://cater-connect.co.uk/products/blizzard-bfg150wh-flat-glass-serve-over-counter-merchandiser-1590mm?variant=55806210539903,https://cater-connect.co.uk/products/blizzard-bfg130bkv2-serve-over-counter-merchandiser-1330mm
https://cater-connect.co.uk/collections/commercial-freezers/products/foster-lr240-stainless-steel-undercounter-freezer-240-litres,https://cater-connect.co.uk/collections/commercial-freezers
https://cater-connect.co.uk/collections/stainless-steel-work-benches-wash-basins-racking-shelves/products/simply-stainless-waiters-station,https://cater-connect.co.uk/products/simply-stainless-janitors-cleaning-sink-540mm
https://cater-connect.co.uk/collections/all/size:26.00cm,https://cater-connect.co.uk/collections/cloches/size-26-4cm
https://cater-connect.co.uk/products/speigelau-perfect-serve-old-fashioned-tumbler-37cl-13oz-case-size-12?pr_prod_strat=use_description&pr_rec_id=87df8473f&pr_rec_pid=4524209897546&pr_ref_pid=4795808120906&pr_seq=uniform,https://cater-connect.co.uk/products/spiegelau-salute-white-wine-47cl-16-1-2oz-case-size-12
https://cater-connect.co.uk/collections/restaurant-cutlery/size:14.5cm,https://cater-connect.co.uk/collections/restaurant-cutlery
https://cater-connect.co.uk/collections/sustainable-energy-saving-catering-appliances/products/precision-mcu-311-stainless-steel-counter-refrigeration-243-litres,https://cater-connect.co.uk/collections/counter-refrigeration
https://cater-connect.co.uk/collections/best-selling-collection/electric-single-phase?page=1&view=boost-pfs-original,https://cater-connect.co.uk/collections/commercial-coffee-machines/electric-single-phase
https://cater-connect.co.uk/products/blizzard-zeta150-slim-serve-over-counter-1525mm-wide?variant=30861012598858&currency=GBP,https://cater-connect.co.uk/products/blizzard-zeta250-slim-serve-over-counter-merchandiser-2525mm
https://cater-connect.co.uk/collections/bar-equipment?view=boost-pfs-original,https://cater-connect.co.uk/collections/genware-bar-supplies-accessories
https://cater-connect.co.uk/products/classeq-p500awsd12-passthrough-dishwasher-with-water-softener-chemicals-drain-pump?pr_prod_strat=e5_desc&pr_rec_id=5ca64d36d&pr_rec_pid=4452939464778&pr_ref_pid=7461602656330&pr_seq=uniform,https://cater-connect.co.uk/products/classeq-cp500ws-commercial-passthrough-dishwasher-with-drain-pump-water-softener
https://cater-connect.co.uk/collections/commercial-counter-refrigeration/products/precision-mcu-311-stainless-steel-counter-refrigeration-243-litres,https://cater-connect.co.uk/collections/counter-refrigeration
https://cater-connect.co.uk/collections/multideck-display-merchandisers/products/blizzard-zeta150-slim-serve-over-counter-1525mm-wide,https://cater-connect.co.uk/collections/multideck-display-merchandisers
https://cater-connect.co.uk/collections/kitchen-appliances/power-3-phase?view=bc-original,https://cater-connect.co.uk/collections/shop-by-brands/commercial-kitchen-appliances
https://cater-connect.co.uk/products/blizzard-commercial-microwave-1000w?pr_prod_strat=e5_desc&pr_rec_id=d2bb4f32d&pr_rec_pid=4660779712586&pr_ref_pid=6539862835274&pr_seq=uniform,https://cater-connect.co.uk/products/blizzard-bcm1800-commercial-microwave-1800w
https://cater-connect.co.uk/web-pixels-manager@0.0.221/sandbox/products/churchill-bamboo-beverage-pot-white-43cl-case-size-4?variant=30702296137802,https://cater-connect.co.uk/products/churchill-stonecast-barley-white-beverage-pot-426ml-15oz-case-size-4
https://cater-connect.co.uk/web-pixels-manager@0.0.225@487f839awab38cc13pfd6bd3d2m9aa313e7/sandbox/products/churchill-stonecast-patina-cobalt-blue-evolve-coupe-plate-11-25box-12,https://cater-connect.co.uk/products/churchill-stonecast-barley-white-beverage-pot-426ml-15oz-case-size-4
https://cater-connect.co.uk/collections/healthcare-tableware/products/polycarbonate-medium-white-plate-cover-24-3cm,https://cater-connect.co.uk/collections/healthcare-tableware
https://cater-connect.co.uk/collections/best-selling-collection/products/classeq-p500ad-12-pass-through-dishwasher-with-drain-pump-chemical-pumps,https://cater-connect.co.uk/products/classeq-c500ws-d-dishwasher-glasswasher-with-water-softener-chemical-drain-pump
https://cater-connect.co.uk/wpm@feecbecawfdfe1f43pf69f8c50m5e756bba/custom/web-pixel-shopify-custom-pixel@0420/sandbox/modern/products/chefn-spincycleâ„¢-small-salad-spinner,https://cater-connect.co.uk/products/chefn-spincycle%E2%84%A2-small-salad-spinner
https://cater-connect.co.uk/collections/barmans-equipment,https://cater-connect.co.uk/collections/shop-by-brands/Bowls
https://cater-connect.co.uk/web-pixels-manager@0.0.225@487f839awab38cc13pfd6bd3d2m9aa313e7/sandbox/products/rational-cleaning-tablets-red-tub-of-100,https://cater-connect.co.uk/products/rational-cleaning-tablets-red-tub-of-100
https://cater-connect.co.uk/collections/multideck-chilled-merchandisers/material-stainless-steel?view=bc-original,https://cater-connect.co.uk/collections/multideck-display-merchandisers
https://cater-connect.co.uk/products/simply-stainless-counter-conversion-kit-1500mm-compatible,https://cater-connect.co.uk/products/simply-stainless-mobile-centre-table-1500mm
https://cater-connect.co.uk/products/simply-stainless-counter-conversion-kit-2400mm-compatible-1,https://cater-connect.co.uk/products/simply-stainless-wall-bench-2400mm
https://cater-connect.co.uk/products/blizzard-commercial-microwave-1000w?pr_prod_strat=e5_desc&pr_rec_id=857112991&pr_rec_pid=4660779712586&pr_ref_pid=6539852152906&pr_seq=uniform,https://cater-connect.co.uk/collections/microwave-ovens
https://cater-connect.co.uk/collections/kitchen-appliances/choose-combination-ovens?view=bc-original,https://cater-connect.co.uk/collections/shop-by-brands/commercial-kitchen-appliances
"https://cater-connect.co.uk/collections/new-collection/Range:Compact Space 
Saver",https://cater-connect.co.uk/collections/commercial-refrigeration/range-compact-space-saver
https://cater-connect.co.uk/collections/commercial-warewashing/products/classeq-p500a16-passthrough-dishwasher-with-drain-pump,https://cater-connect.co.uk/collections/commercial-warewashing/must-detergent-pump
https://cater-connect.co.uk/products/classeq-p500awsd12-passthrough-dishwasher-with-water-softener-chemicals-drain-pump,https://cater-connect.co.uk/products/classeq-c400-g-dishwasher-glasswasher-with-drain-pump
https://cater-connect.co.uk/collections/commercial-dishwashers/products/classeq-p500ad-12-pass-through-dishwasher-with-drain-pump-chemical-pumps,https://cater-connect.co.uk/collections/commercial-dishwashers
https://cater-connect.co.uk/collections/bar-supplies-equipment/material-aluminium,https://cater-connect.co.uk/collections/all/material:aluminium
https://cater-connect.co.uk/collections/cold-merchandisers/products/blizzard-zeta150-slim-serve-over-counter-1525mm-wide,https://cater-connect.co.uk/collections/commercial-refrigeration/choose-chilled-merchandisers
https://cater-connect.co.uk/wpm@0.0.279@518c152fw00918cf1pc7ca055am99284242/web-pixel-shopify-custom-pixel@0530/sandbox/products/churchill-bamboo-sugar-bowl-white-8oz-case-size-12?variant=30679651156042,https://cater-connect.co.uk/products/churchill-ambience-sugar-bowl-white-22-7cl-case-size-6
https://cater-connect.co.uk/collections/kitchen-appliances/capacity-32-litres?view=bc-original,https://cater-connect.co.uk/collections/shop-by-brands/commercial-kitchen-appliances
https://cater-connect.co.uk/collections/bar-supplies-equipment/Capacity:175ml,https://cater-connect.co.uk/collections/genware-bar-supplies-accessories
https://cater-connect.co.uk/collections/new-collection/products/blizzard-zeta150-slim-serve-over-counter-1525mm-wide,https://cater-connect.co.uk/products/blizzard-zeta250-slim-serve-over-counter-merchandiser-2525mm
https://cater-connect.co.uk/collections/best-selling-collection/products/merrychef-connex-16-silver-accelerated-high-speed-oven-high-power-6kw,https://cater-connect.co.uk/products/merrychef-connex12-black-accelerated-high-speed-oven-high-powered-2-9kw
https://cater-connect.co.uk/collections/commercial-kitchen-shelves-racking/products/eais-ez-store-nylon-coated-wire-racking-1200mm-x-600mm,https://cater-connect.co.uk/collections/commercial-kitchen-shelves-racking
https://cater-connect.co.uk/collections/commercial-warewashing/products/classeq-p500ad-12-pass-through-dishwasher-with-drain-pump-chemical-pumps,https://cater-connect.co.uk/collections/commercial-warewashing
https://cater-connect.co.uk/products/classeq-p500a30-passthrough-dishwasher-with-drain-pump,https://cater-connect.co.uk/products/classeq-c500ws-d-dishwasher-glasswasher-with-water-softener-chemical-drain-pump
https://cater-connect.co.uk/collections/merchandisers/products/blizzard-zeta150-slim-serve-over-counter-1525mm-wide,https://cater-connect.co.uk/collections/multideck-display-merchandisers
https://cater-connect.co.uk/collections/bar-blenders-smoothie-makers/products/blendtec-stealth-885-blender,https://cater-connect.co.uk/collections/bar-blenders-smoothie-makers
https://cater-connect.co.uk/collections/classeq-warewashing/products/classeq-p500ad-12-pass-through-dishwasher-with-drain-pump-chemical-pumps,https://cater-connect.co.uk/collections/shop-by-brands
https://cater-connect.co.uk/web-pixels-manager@0.0.222@c47c23e3w3a721ec0p71746530m9141fdea/sandbox/products/parry-msb9g-heated-bain-marie-top-mobile-servery-with-gantry-1005mm-wide?variant=39636280770634,https://cater-connect.co.uk/products/parry-3014-extra-large-countertop-electric-griddle-6kw
https://cater-connect.co.uk/products/blizzard-zeta150-slim-serve-over-counter-1525mm-wide?variant=30861012598858,https://cater-connect.co.uk/products/blizzard-lbc3-3-door-counter-freezer-417l
https://cater-connect.co.uk/wpm@0.0.291@27ebbe9cwc6551374p82226fa4m8497296f/web-pixel-shopify-custom-pixel@0533/sandbox/products/genware-terra-porcelain-black-saucer-11-5cm?pr_prod_strat=use_description&pr_rec_id=8a1f7883a&pr_rec_pid=4765934846026&pr_ref_pid=4766972411978&pr_seq=uniform,https://cater-connect.co.uk/products/genware-terra-porcelain-aqua-blue-saucer-14-5cm
https://cater-connect.co.uk/products/classeq-p500aws22-passthrough-dishwasher-with-drain-pump-water-softener,https://cater-connect.co.uk/products/classeq-c500ws-d-dishwasher-glasswasher-with-water-softener-chemical-drain-pump
https://cater-connect.co.uk/products/utopia-timeless-vintage-martini-8oz-case-size-12,https://cater-connect.co.uk/products/timeless-vintage-martini-gold-230ml-case-size-12
https://cater-connect.co.uk/products/spyro-salt-pot-white-pack-of-12?pr_prod_strat=e5_desc&pr_rec_id=75042b7b0&pr_rec_pid=3833174065226&pr_ref_pid=3833181929546&pr_seq=uniform,https://cater-connect.co.uk/products/spyro-low-cup-white-22-75cl-pack-of-36
https://cater-connect.co.uk/collections/commercial-fridges/products/gram-f60-c-dr-u-premier-60-upright-slimline-single-door-freezer-480-litres,https://cater-connect.co.uk/collections/commercial-fridges
https://cater-connect.co.uk/collections/new-collection/products/gram-f60-c-dr-u-premier-60-upright-slimline-single-door-freezer-480-litres,https://cater-connect.co.uk/products/hoshizaki-kg-420-l-c-dr-g-u-compact-420-white-upright-single-glass-door-fridge-343-litres
https://cater-connect.co.uk/collections/hot-holding-servery-cabinets/capacity-5x-1-1gn?view=bc-original,https://cater-connect.co.uk/collections/hot-holding-bain-marie-servery-cabinets
https://cater-connect.co.uk/wpm@0.0.292@2ad9a57fw9fac714bp69acde37me237997f/web-pixel-shopify-custom-pixel@0533/sandbox/products/lincat-lynx-400-lbm3-electric-counter-top-dry-heat-bain-marie,https://cater-connect.co.uk/products/lincat-lynx-400-lbmw-wet-heat-bain-marie-2-x-1-4gn
https://cater-connect.co.uk/wpm@feecbecawfdfe1f43pf69f8c50m5e756bba/custom/web-pixel-shopify-custom-pixel@0420/sandbox/modern/collections/commercial-catering-appliances/products/blue-seal-evolution-g512c-b-gas-bench-model-griddle-300mm,https://cater-connect.co.uk/collections/commercial-catering-appliances
https://cater-connect.co.uk/collections/classeq-warewashing/products/classeq-p500ad12-passthrough-dishwasher-with-drain-pump-chemical-pumps,https://cater-connect.co.uk/collections/shop-by-brands
https://cater-connect.co.uk/collections/new-collection/products/classeq-p500ad-12-pass-through-dishwasher-with-drain-pump-chemical-pumps,https://cater-connect.co.uk/products/classeq-c400-g-dishwasher-glasswasher-with-drain-pump
https://cater-connect.co.uk/wpm@a7f653a7w82d20f99pe720974fm204fcef1/custom/web-pixel-shopify-custom-pixel@0420/sandbox/modern/products/forni-neapolitan-gas-rotating-artisan-pizza-oven,https://cater-connect.co.uk/products/forni-neapolitan-gas-rotating-artisan-pizza-oven
https://cater-connect.co.uk/wpm@a7f653a7w82d20f99pe720974fm204fcef1/custom/web-pixel-shopify-custom-pixel@0420/sandbox/modern/products/tefcold-tc85-free-standing-integral-ice-maker-85kg?variant=41397691580490,https://cater-connect.co.uk/products/tefcold-crnf2130-walk-in-freezer-coldroom-2100mm-x-3000mm
https://cater-connect.co.uk/products/classeq-p500awsd12-passthrough-dishwasher-with-water-softener-chemicals-drain-pump?pr_prod_strat=e5_desc&pr_rec_id=f1dd2a85c&pr_rec_pid=4452939464778&pr_ref_pid=3814125568074&pr_seq=uniform,https://cater-connect.co.uk/products/classeq-c500ws-d-dishwasher-glasswasher-with-water-softener-chemical-drain-pump
https://cater-connect.co.uk/products/classeq-p500ad-12-passthrough-dishwasher-w-drain-pump-chemical-pumps?variant=39293309485130,https://cater-connect.co.uk/products/classeq-c400ws-dishwasher-glasswasher-with-water-softener-chemical-drain-pump
https://cater-connect.co.uk/collections/bar-supplies-equipment/capacity:175ml,https://cater-connect.co.uk/collections/genware-bar-supplies-accessories
https://cater-connect.co.uk/collections/kitchen-appliances/capacity-28-litres?view=bc-original,https://cater-connect.co.uk/collections/shop-by-brands/commercial-kitchen-appliances
https://cater-connect.co.uk/collections/kitchen-appliances/capacity-24-litres?view=bc-original,https://cater-connect.co.uk/collections/shop-by-brands/commercial-kitchen-appliances
https://cater-connect.co.uk/products/blizzard-commercial-microwave-1000w?pr_prod_strat=e5_desc&pr_rec_id=b9707a4b9&pr_rec_pid=4660779712586&pr_ref_pid=6539860967498&pr_seq=uniform,https://cater-connect.co.uk/collections/microwave-ovens
https://cater-connect.co.uk/collections/kitchen-appliances/draws-1?view=bc-original,https://cater-connect.co.uk/collections/shop-by-brands/commercial-kitchen-appliances
https://cater-connect.co.uk/collections/restaurant-glassware/products/michelangelo-masterpiece-flutino-hi-ball-31cl-case-size-24,https://cater-connect.co.uk/collections/restaurant-glassware
https://cater-connect.co.uk/collections/kitchen-utensils/products/prince-castle-french-fry-bagging-scoop,https://cater-connect.co.uk/collections/commercial-kitchen-utensils
https://cater-connect.co.uk/products/classeq-p500ad16-passthrough-dishwasher-with-chemical-drain-pump,https://cater-connect.co.uk/products/classeq-cp500ws-commercial-passthrough-dishwasher-with-drain-pump-water-softener
https://cater-connect.co.uk/products/blizzard-commercial-microwave-1000w?variant=32290549727306&currency=GBP,https://cater-connect.co.uk/products/blizzard-bfg200bkv2-serve-over-counter-merchandiser-1955mm
https://cater-connect.co.uk/collections/new-collection/electric-single-phase?page=20,https://cater-connect.co.uk/collections/combination-ovens/electric-single-phase
https://cater-connect.co.uk/collections/all/products/williams-crystal-lc2t-double-door-bakery-freezer-cabinet,https://cater-connect.co.uk/collections/williams-refrigeration/range:crystal
https://cater-connect.co.uk/collections/kitchen-appliances/heat-lamp?view=bc-original,https://cater-connect.co.uk/collections/heat-lamps
https://cater-connect.co.uk/collections/microwave-ovens/products/blizzard-commercial-microwave-1000w,https://cater-connect.co.uk/collections/microwave-ovens
,
,
,
,
,
https://cater-connect.co.uk/cdn/shop/t/41/assets/boost-pfs.js?27997,
,
https://cater-connect.co.uk/cdn/shop/files/?28031,
